<?xml version="1.0" encoding="UTF-8"?>
<project-private xmlns="http://www.netbeans.org/ns/project-private/1">
    <editor-bookmarks xmlns="http://www.netbeans.org/ns/editor-bookmarks/2" lastBookmarkId="0"/>
    <open-files xmlns="http://www.netbeans.org/ns/projectui-open-files/2">
        <group>
            <file>file:/C:/Users/samo_/Programacion_git/DI/TareaCoches/src/tareacoches/modelo/Coche.java</file>
            <file>file:/C:/Users/samo_/Programacion_git/DI/TareaCoches/src/tareacoches/TareaCoches.java</file>
            <file>file:/C:/Users/samo_/Programacion_git/DI/TareaCoches/src/tareacoches/controlador/Controlador.java</file>
            <file>file:/C:/Users/samo_/Programacion_git/DI/TareaCoches/src/tareacoches/vistas/Vista.java</file>
            <file>file:/C:/Users/samo_/Programacion_git/DI/TareaCoches/src/tareacoches/vistas/BarraMenus.java</file>
            <file>file:/C:/Users/samo_/Programacion_git/DI/TareaCoches/src/tareacoches/modelo/Coches.java</file>
            <file>file:/C:/Users/samo_/Programacion_git/DI/TareaCoches/src/tareacoches/vistas/BarraHerramientas.java</file>
        </group>
    </open-files>
</project-private>
